<?xml version="1.0" encoding="UTF-8"?>
<project-private xmlns="http://www.netbeans.org/ns/project-private/1">
    <editor-bookmarks xmlns="http://www.netbeans.org/ns/editor-bookmarks/2" lastBookmarkId="0"/>
    <open-files xmlns="http://www.netbeans.org/ns/projectui-open-files/2">
        <group>
            <file>file:/Users/gtoth/MPLABXProjects/PICIoT_MediumOne.X/main.c</file>
            <file>file:/Users/gtoth/MPLABXProjects/PICIoT_MediumOne.X/mcc_generated_files/tmr2.c</file>
            <file>file:/Users/gtoth/MPLABXProjects/PICIoT_MediumOne.X/mcc_generated_files/cloud/cloud_service.c</file>
            <file>file:/Users/gtoth/MPLABXProjects/PICIoT_MediumOne.X/mcc_generated_files/config/IoT_Sensor_Node_config.h</file>
            <file>file:/Users/gtoth/MPLABXProjects/PICIoT_MediumOne.X/mcc_generated_files/config/conf_winc.h</file>
        </group>
    </open-files>
</project-private>
